{
    "rougel": {
        "average": 0.07895670208488156,
        "std": 0.1459379144167195
    },
    "sent-transformer": {
        "average": 0.5200443267822266,
        "std": 0.18382175266742706
    },
    "multilingual-sent-transformer": {
        "average": 0.47872108221054077,
        "std": 0.16112563014030457
    },
    "bleu": {
        "average": 0.2297947167211648,
        "std": 0.16395431665250093
    }
}