{
    "hit_rate@3": {
        "average": 0.5877243775332948,
        "std": 0.30184593800649673
    }
}