{
    "micro f1": {
        "average": 0.5761534046064433,
        "std": 0.46761944608969724
    }
}