{
    "accuracy": {
        "average": 0.7264183068855139,
        "std": 0.44579675896881227
    }
}