{
    "ndcg": {
        "average": 0.7587318441276562,
        "std": 0.20860229130151878
    }
}